beeline;b2c;*;beeline.ru;https://altayskiy-kr.beeline.ru/customers/products/mobile/tariffs/;200
beeline;b2c;*;beeline.ru;https://amurskaya-obl.beeline.ru/customers/products/mobile/tariffs/;200
beeline;b2c;*;beeline.ru;https://arkhangelskaya-obl.beeline.ru/customers/products/mobile/tariffs/;200
beeline;b2c;*;beeline.ru;https://astrakhanskaya-obl.beeline.ru/customers/products/mobile/tariffs/;200
beeline;b2c;*;beeline.ru;https://belgorodskaya-obl.beeline.ru/customers/products/mobile/tariffs/;200
beeline;b2c;*;beeline.ru;https://bryanskaya-obl.beeline.ru/customers/products/mobile/tariffs/;200
beeline;b2c;*;beeline.ru;https://vladimirskaya-obl.beeline.ru/customers/products/mobile/tariffs/;200
beeline;b2c;*;beeline.ru;https://volgogradskaya-obl.beeline.ru/customers/products/mobile/tariffs/;200
beeline;b2c;*;beeline.ru;https://vologodskaya-obl.beeline.ru/customers/products/mobile/tariffs/;200
beeline;b2c;*;beeline.ru;https://voronezhskaya-obl.beeline.ru/customers/products/mobile/tariffs/;200
beeline;b2c;*;beeline.ru;https://evreyskaya-ao.beeline.ru/customers/products/mobile/tariffs/;200
beeline;b2c;*;beeline.ru;https://zabaykalskiy-kr.beeline.ru/customers/products/mobile/tariffs/;200
beeline;b2c;*;beeline.ru;https://ivanovskaya-obl.beeline.ru/customers/products/mobile/tariffs/;200
beeline;b2c;*;beeline.ru;https://irkutskaya-obl.beeline.ru/customers/products/mobile/tariffs/;200
beeline;b2c;*;beeline.ru;https://kabardino-balkariya.beeline.ru/customers/products/mobile/tariffs/;200
beeline;b2c;*;beeline.ru;https://kaliningradskaya-obl.beeline.ru/customers/products/mobile/tariffs/;200
beeline;b2c;*;beeline.ru;https://kaluzhskaya-obl.beeline.ru/customers/products/mobile/tariffs/;200
beeline;b2c;*;beeline.ru;https://kamchatskiy-kr.beeline.ru/customers/products/mobile/tariffs/;200
beeline;b2c;*;beeline.ru;https://karachaevo-cherkesiya.beeline.ru/customers/products/mobile/tariffs/;200
beeline;b2c;*;beeline.ru;https://kemerovskaya-obl.beeline.ru/customers/products/mobile/tariffs/;200
beeline;b2c;*;beeline.ru;https://kirovskaya-obl.beeline.ru/customers/products/mobile/tariffs/;200
beeline;b2c;*;beeline.ru;https://komsomolsk-na-amure.beeline.ru/customers/products/mobile/tariffs/;200
beeline;b2c;*;beeline.ru;https://kostromskaya-obl.beeline.ru/customers/products/mobile/tariffs/;200
beeline;b2c;*;beeline.ru;https://adygeya.beeline.ru/customers/products/mobile/tariffs/;200
beeline;b2c;*;beeline.ru;https://krasnoyarskiy-kr.beeline.ru/customers/products/mobile/tariffs/;200
beeline;b2c;*;beeline.ru;https://kurganskaya-obl.beeline.ru/customers/products/mobile/tariffs/;200
beeline;b2c;*;beeline.ru;https://kurskaya-obl.beeline.ru/customers/products/mobile/tariffs/;200
beeline;b2c;*;beeline.ru;https://lipetskaya-obl.beeline.ru/customers/products/mobile/tariffs/;200
beeline;b2c;*;beeline.ru;https://magadanskaya-obl.beeline.ru/customers/products/mobile/tariffs/;200
beeline;b2c;*;beeline.ru;https://moskva.beeline.ru/customers/products/mobile/tariffs/;200
beeline;b2c;*;beeline.ru;https://murmanskaya-obl.beeline.ru/customers/products/mobile/tariffs/;200
beeline;b2c;*;beeline.ru;https://nizhegorodskaya-obl.beeline.ru/customers/products/mobile/tariffs/;200
beeline;b2c;*;beeline.ru;https://novgorodskaya-obl.beeline.ru/customers/products/mobile/tariffs/;200
beeline;b2c;*;beeline.ru;https://novosibirskaya-obl.beeline.ru/customers/products/mobile/tariffs/;200
beeline;b2c;*;beeline.ru;https://omskaya-obl.beeline.ru/customers/products/mobile/tariffs/;200
beeline;b2c;*;beeline.ru;https://orenburgskaya-obl.beeline.ru/customers/products/mobile/tariffs/;200
beeline;b2c;*;beeline.ru;https://orlovskaya-obl.beeline.ru/customers/products/mobile/tariffs/;200
beeline;b2c;*;beeline.ru;https://penzenskaya-obl.beeline.ru/customers/products/mobile/tariffs/;200
beeline;b2c;*;beeline.ru;https://permskiy-kr.beeline.ru/customers/products/mobile/tariffs/;200
beeline;b2c;*;beeline.ru;https://primorskiy-kr.beeline.ru/customers/products/mobile/tariffs/;200
beeline;b2c;*;beeline.ru;https://pskovskaya-obl.beeline.ru/customers/products/mobile/tariffs/;200
beeline;b2c;*;beeline.ru;https://altay.beeline.ru/customers/products/mobile/tariffs/;200
beeline;b2c;*;beeline.ru;https://bashkortostan.beeline.ru/customers/products/mobile/tariffs/;200
beeline;b2c;*;beeline.ru;https://buryatiya.beeline.ru/customers/products/mobile/tariffs/;200
beeline;b2c;*;beeline.ru;https://dagestan.beeline.ru/customers/products/mobile/tariffs/;200
beeline;b2c;*;beeline.ru;https://ingushetiya.beeline.ru/customers/products/mobile/tariffs/;200
beeline;b2c;*;beeline.ru;https://kalmykiya.beeline.ru/customers/products/mobile/tariffs/;200
beeline;b2c;*;beeline.ru;https://kareliya.beeline.ru/customers/products/mobile/tariffs/;200
beeline;b2c;*;beeline.ru;https://komi.beeline.ru/customers/products/mobile/tariffs/;200
beeline;b2c;*;beeline.ru;https://mariy-el.beeline.ru/customers/products/mobile/tariffs/;200
beeline;b2c;*;beeline.ru;https://mordoviya.beeline.ru/customers/products/mobile/tariffs/;200
beeline;b2c;*;beeline.ru;https://yakutiya.beeline.ru/customers/products/mobile/tariffs/;200
beeline;b2c;*;beeline.ru;https://severnaya-osetiya.beeline.ru/customers/products/mobile/tariffs/;200
beeline;b2c;*;beeline.ru;https://kazan-tatarstan.beeline.ru/customers/products/mobile/tariffs/;200
beeline;b2c;*;beeline.ru;https://tyva.beeline.ru/customers/products/mobile/tariffs/;200
beeline;b2c;*;beeline.ru;https://udmurtiya.beeline.ru/customers/products/mobile/tariffs/;200
beeline;b2c;*;beeline.ru;https://khakasiya.beeline.ru/customers/products/mobile/tariffs/;200
beeline;b2c;*;beeline.ru;https://rostovskaya-obl.beeline.ru/customers/products/mobile/tariffs/;200
beeline;b2c;*;beeline.ru;https://ryazanskaya-obl.beeline.ru/customers/products/mobile/tariffs/;200
beeline;b2c;*;beeline.ru;https://samarskaya-obl.beeline.ru/customers/products/mobile/tariffs/;200
beeline;b2c;*;beeline.ru;https://spb.beeline.ru/customers/products/mobile/tariffs/;200
beeline;b2c;*;beeline.ru;https://saratovskaya-obl.beeline.ru/customers/products/mobile/tariffs/;200
beeline;b2c;*;beeline.ru;https://sakhalinskaya-obl.beeline.ru/customers/products/mobile/tariffs/;200
beeline;b2c;*;beeline.ru;https://sverdlovskaya-obl.beeline.ru/customers/products/mobile/tariffs/;200
beeline;b2c;*;beeline.ru;https://smolenskaya.beeline.ru/customers/products/mobile/tariffs/;200
beeline;b2c;*;beeline.ru;https://stavropolskiy-kr.beeline.ru/customers/products/mobile/tariffs/;200
beeline;b2c;*;beeline.ru;https://tambovskaya-obl.beeline.ru/customers/products/mobile/tariffs/;200
beeline;b2c;*;beeline.ru;https://tverskaya-obl.beeline.ru/customers/products/mobile/tariffs/;200
beeline;b2c;*;beeline.ru;https://tomskaya-obl.beeline.ru/customers/products/mobile/tariffs/;200
beeline;b2c;*;beeline.ru;https://tulskaya-obl.beeline.ru/customers/products/mobile/tariffs/;200
beeline;b2c;*;beeline.ru;https://tyumenskaya-obl.beeline.ru/customers/products/mobile/tariffs/;200
beeline;b2c;*;beeline.ru;https://ulyanovskaya-obl.beeline.ru/customers/products/mobile/tariffs/;200
beeline;b2c;*;beeline.ru;https://khabarovsk-kr.beeline.ru/customers/products/mobile/tariffs/;200
beeline;b2c;*;beeline.ru;https://khmao.beeline.ru/customers/products/mobile/tariffs/;200
beeline;b2c;*;beeline.ru;https://chelyabinskaya-obl.beeline.ru/customers/products/mobile/tariffs/;200
beeline;b2c;*;beeline.ru;https://chechnya.beeline.ru/customers/products/mobile/tariffs/;200
beeline;b2c;*;beeline.ru;https://chuvashiya.beeline.ru/customers/products/mobile/tariffs/;200
beeline;b2c;*;beeline.ru;https://chukotskiy-ao.beeline.ru/customers/products/mobile/tariffs/;200
beeline;b2c;*;beeline.ru;https://yanao.beeline.ru/customers/products/mobile/tariffs/;200
beeline;b2c;*;beeline.ru;https://yaroslavskaya-obl.beeline.ru/customers/products/mobile/tariffs/;200
beeline;b2b;cellphone;beeline.ru;https://altayskiy-kr.beeline.ru/b2b/products/mobile/tariffs/index/cellphone/;200
beeline;b2b;cellphone;beeline.ru;https://amurskaya-obl.beeline.ru/b2b/products/mobile/tariffs/index/cellphone/;200
beeline;b2b;cellphone;beeline.ru;https://arkhangelskaya-obl.beeline.ru/b2b/products/mobile/tariffs/index/cellphone/;200
beeline;b2b;cellphone;beeline.ru;https://astrakhanskaya-obl.beeline.ru/b2b/products/mobile/tariffs/index/cellphone/;200